2026-03-23 10:59:56;Skuter KYMCO People GT;Wolna ręka;Warszawa;253;https://www.mazowieckie.kas.gov.pl/izba-administracji-skarbowej-w-warszawie/ogloszenia/obwieszczenia-o-licytacjach/-/asset_publisher/Uvm3/content/oferta-sprzedazy-podmiotom-prowadzacym-dzialalnosc-handlowa-po-cenie-oszacowania-skuter-kymco-people-gt-rok-prod-2013-termin-skladania-ofert-od-27-marca-2026-roku-do-3-kwietnia-2026-roku?redirect=https%3A%2F%2Fwww.mazowieckie.kas.gov.pl%2Fizba-administracji-skarbowej-w-warszawie%2Fogloszenia%2Fobwieszczenia-o-licytacjach%3Fp_p_id%3D101_INSTANCE_Uvm3%26p_p_lifecycle%3D0%26p_p_state%3Dnormal%26p_p_mode%3Dview%26p_p_col_id%3Dcolumn-2%26p_p_col_count%3D1;1600.0;1600.0;100.00;2026-03-27 08:00
2026-03-23 11:00:37;TOYOTA Yaris 1.0 MR`03;Wolna ręka;Warszawa;253;https://www.mazowieckie.kas.gov.pl/izba-administracji-skarbowej-w-warszawie/ogloszenia/obwieszczenia-o-licytacjach/-/asset_publisher/Uvm3/content/oferta-sprzedazy-podmiotom-prowadzacym-dzialalnosc-handlowa-po-cenie-oszacowania-samochod-osobowy-toyota-yaris-rok-prod-2005-termin-skladania-ofert-od-27-marca-2026-roku-do-3-kwietnia-2026-roku?redirect=https%3A%2F%2Fwww.mazowieckie.kas.gov.pl%2Fizba-administracji-skarbowej-w-warszawie%2Fogloszenia%2Fobwieszczenia-o-licytacjach%3Fp_p_id%3D101_INSTANCE_Uvm3%26p_p_lifecycle%3D0%26p_p_state%3Dnormal%26p_p_mode%3Dview%26p_p_col_id%3Dcolumn-2%26p_p_col_count%3D1;1700;1700;100.00;2026-03-27 08:00
2026-03-23 11:01:00;Volkswagen Passat kombi;Licytacja;Lębork;519;https://www.pomorskie.kas.gov.pl/izba-administracji-skarbowej-w-gdansku/ogloszenia/obwieszczenia-o-licytacjach/-/asset_publisher/Ozp4/content/obwieszczenie-o-drugiej-licytacji-ruchomosci-vw-passat-kombi-rok-prod-2004-termin-27-marca-2026-roku-urzad-skarbowy-w-leborku?redirect=https%3A%2F%2Fwww.pomorskie.kas.gov.pl%2Fizba-administracji-skarbowej-w-gdansku%2Fogloszenia%2Fobwieszczenia-o-licytacjach%3Fp_p_id%3D101_INSTANCE_Ozp4%26p_p_lifecycle%3D0%26p_p_state%3Dnormal%26p_p_mode%3Dview%26p_p_col_id%3Dcolumn-2%26p_p_col_count%3D1;4000.0;2000.0;50.00;2026-03-27 11:30
2026-03-23 11:01:11;Volkswagen Jetta Trendline;Wolna ręka;Warszawa;253;https://www.mazowieckie.kas.gov.pl/izba-administracji-skarbowej-w-warszawie/ogloszenia/obwieszczenia-o-licytacjach/-/asset_publisher/Uvm3/content/oferta-sprzedazy-podmiotom-prowadzacym-dzialalnosc-handlowa-po-cenie-oszacowania-samochod-osobowy-volkswagen-jetta-rok-prod-2006-termin-skladania-ofert-od-27-marca-2026-roku-do-3-kwietnia-2026-roku?redirect=https%3A%2F%2Fwww.mazowieckie.kas.gov.pl%2Fizba-administracji-skarbowej-w-warszawie%2Fogloszenia%2Fobwieszczenia-o-licytacjach%3Fp_p_id%3D101_INSTANCE_Uvm3%26p_p_lifecycle%3D0%26p_p_state%3Dnormal%26p_p_mode%3Dview%26p_p_col_id%3Dcolumn-2%26p_p_col_count%3D1;3000;3000;100.00;2026-03-27 08:00
2026-03-23 11:01:34;Samochód osobowy Renault Laguna;Wolna ręka;Płock;276;https://www.mazowieckie.kas.gov.pl/izba-administracji-skarbowej-w-warszawie/ogloszenia/obwieszczenia-o-licytacjach/-/asset_publisher/Uvm3/content/zawiadomienie-o-sprzedazy-ruchomosci-z-wolnej-reki-samochod-osobowy-renault-laguna-rok-prod-2007-termin-od-13-do-17-kwietnia-2026-roku-w-godzinach-od-9-00-do-godz-13-00?redirect=https%3A%2F%2Fwww.mazowieckie.kas.gov.pl%2Fizba-administracji-skarbowej-w-warszawie%2Fogloszenia%2Fobwieszczenia-o-licytacjach%3Fp_p_id%3D101_INSTANCE_Uvm3%26p_p_lifecycle%3D0%26p_p_state%3Dnormal%26p_p_mode%3Dview%26p_p_col_id%3Dcolumn-2%26p_p_col_count%3D1;3900;500;12.82;2026-04-13 09:00
2026-03-23 11:02:00;Opel Corsa C;Wolna ręka;Koszalin;526;https://www.zachodniopomorskie.kas.gov.pl/izba-administracji-skarbowej-w-szczecinie/ogloszenia/obwieszczenia-o-licytacjach/-/asset_publisher/mKP7/content/zawiadomienie-o-sprzedazy-ruchomosci-z-wolnej-reki-samochod-osobowy-opel-corsa-c-rok-prod-2003-26-marca-2026-r-godz-10-00-pierwszy-urzad-skarbowy-w-koszalinie?redirect=https%3A%2F%2Fwww.zachodniopomorskie.kas.gov.pl%2Fizba-administracji-skarbowej-w-szczecinie%2Fogloszenia%2Fobwieszczenia-o-licytacjach%3Fp_p_id%3D101_INSTANCE_mKP7%26p_p_lifecycle%3D0%26p_p_state%3Dnormal%26p_p_mode%3Dview%26p_p_col_id%3Dcolumn-2%26p_p_col_count%3D1;2000;700;35.00;2026-03-26 10:00
2026-03-23 11:06:43;Volkswagen Passat kombi;Licytacja;Lębork;519;https://www.pomorskie.kas.gov.pl/izba-administracji-skarbowej-w-gdansku/ogloszenia/obwieszczenia-o-licytacjach/-/asset_publisher/Ozp4/content/obwieszczenie-o-drugiej-licytacji-ruchomosci-vw-passat-kombi-rok-prod-2006-termin-27-marca-2026-roku-urzad-skarbowy-w-leborku?redirect=https%3A%2F%2Fwww.pomorskie.kas.gov.pl%2Fizba-administracji-skarbowej-w-gdansku%2Fogloszenia%2Fobwieszczenia-o-licytacjach%3Fp_p_id%3D101_INSTANCE_Ozp4%26p_p_lifecycle%3D0%26p_p_state%3Dnormal%26p_p_mode%3Dview%26p_p_col_id%3Dcolumn-2%26p_p_col_count%3D1;8000.0;4000.0;50.00;2026-03-27 11:00
2026-03-23 11:07:06;Mercedes-Benz KLASA E (W213) E350 d 4-matic;Licytacja;Wrocław;240;https://www.gov.pl/web/ias-wroclaw/obwieszczenie-o-ii-licytacji-ruchomosci35;1200;600;50.00;2026-03-25 11:00
2026-03-23 11:07:29;Opel Vectra kombi;Wolna ręka;Gryfice;537;https://www.zachodniopomorskie.kas.gov.pl/izba-administracji-skarbowej-w-szczecinie/ogloszenia/obwieszczenia-o-licytacjach/-/asset_publisher/mKP7/content/zawiadomienie-o-sprzedazy-ruchomosci-z-wolnej-reki-samochod-osobowy-marki-opel-vectra-kombi-rok-produkcji-2003-27-marca-2026-r-od-godz-8-30-do-godz-10-30-urzad-skarbowy-w-gryficach?redirect=https%3A%2F%2Fwww.zachodniopomorskie.kas.gov.pl%2Fizba-administracji-skarbowej-w-szczecinie%2Fogloszenia%2Fobwieszczenia-o-licytacjach%3Fp_p_id%3D101_INSTANCE_mKP7%26p_p_lifecycle%3D0%26p_p_state%3Dnormal%26p_p_mode%3Dview%26p_p_col_id%3Dcolumn-2%26p_p_col_count%3D1;1500;200;13.33;2026-03-27 08:30
2026-03-23 11:07:42;Audi A4 1.6 sedan;Wolna ręka;Wieruszów;186;https://www.gov.pl/web/ias-lodz/zawiadomienie-o-sprzedazy-z-wolnej-reki-25-27032026-r-ruchomosci-audi-a4-rok-produkcji-1995;3000.0;1000.0;33.33;2026-03-25 12:00
2026-03-23 11:09:02;Ford Fiesta;Wolna ręka;Kartuzy;490;https://www.pomorskie.kas.gov.pl/izba-administracji-skarbowej-w-gdansku/ogloszenia/obwieszczenia-o-licytacjach/-/asset_publisher/Ozp4/content/zawiadomienie-o-sprzedazy-z-wolnej-reki-samochod-osobowy-marki-ford-fiesta-rok-prod-2006-termin-od-23-marca-2026-roku-do-25-marca-2026-roku-urzad-skarbowy-w-kartuzach?redirect=https%3A%2F%2Fwww.pomorskie.kas.gov.pl%2Fizba-administracji-skarbowej-w-gdansku%2Fogloszenia%2Fobwieszczenia-o-licytacjach%3Fp_p_id%3D101_INSTANCE_Ozp4%26p_p_lifecycle%3D0%26p_p_state%3Dnormal%26p_p_mode%3Dview%26p_p_col_id%3Dcolumn-2%26p_p_col_count%3D1;1500;500;33.33;2026-03-23 11:00
2026-03-23 11:09:45;Skoda Octavia II 2.0 TDI MR`04 E4;Wolna ręka;Warszawa;254;https://www.mazowieckie.kas.gov.pl/izba-administracji-skarbowej-w-warszawie/ogloszenia/obwieszczenia-o-licytacjach/-/asset_publisher/Uvm3/content/oferta-sprzedazy-samochodu-osobowego-podmiotom-prowadzacym-dzialalnosc-handlowa-po-cenie-oszacowania-skoda-octavia-ii-rok-produkcji-2005-termin-o-od-26-marca-2026-roku-do-2-kwietnia-2026-roku?redirect=https%3A%2F%2Fwww.mazowieckie.kas.gov.pl%2Fizba-administracji-skarbowej-w-warszawie%2Fogloszenia%2Fobwieszczenia-o-licytacjach%3Fp_p_id%3D101_INSTANCE_Uvm3%26p_p_lifecycle%3D0%26p_p_state%3Dnormal%26p_p_mode%3Dview%26p_p_col_id%3Dcolumn-2%26p_p_col_count%3D1;1900;1900;100.00;2026-03-26 08:00
2026-03-23 11:10:01;Volkswagen Golf Plus 1.4 TSI;Wolna ręka;Warszawa;254;https://www.mazowieckie.kas.gov.pl/izba-administracji-skarbowej-w-warszawie/ogloszenia/obwieszczenia-o-licytacjach/-/asset_publisher/Uvm3/content/oferta-sprzedazy-samochodu-osobowego-podmiotom-prowadzacym-dzialalnosc-handlowa-po-cenie-oszacowania-volkswagen-golf-plus-rok-produkcji-2007-termin-od-26-marca-2026-roku-do-2-kwietnia-2026-roku?redirect=https%3A%2F%2Fwww.mazowieckie.kas.gov.pl%2Fizba-administracji-skarbowej-w-warszawie%2Fogloszenia%2Fobwieszczenia-o-licytacjach%3Fp_p_id%3D101_INSTANCE_Uvm3%26p_p_lifecycle%3D0%26p_p_state%3Dnormal%26p_p_mode%3Dview%26p_p_col_id%3Dcolumn-2%26p_p_col_count%3D1;6000.0;6000.0;100.00;2026-03-26 08:00
2026-03-23 11:10:25;Volkswagen Golf IV 1.6;Wolna ręka;Warszawa;254;https://www.mazowieckie.kas.gov.pl/izba-administracji-skarbowej-w-warszawie/ogloszenia/obwieszczenia-o-licytacjach/-/asset_publisher/Uvm3/content/oferta-sprzedazy-samochodu-osobowego-podmiotom-prowadzacym-dzialalnosc-handlowa-po-cenie-oszacowania-volkswagen-golf-iv-rok-produkcji-1998-termin-od-26-marca-2026-roku-do-2-kwietnia-2026-roku?redirect=https%3A%2F%2Fwww.mazowieckie.kas.gov.pl%2Fizba-administracji-skarbowej-w-warszawie%2Fogloszenia%2Fobwieszczenia-o-licytacjach%3Fp_p_id%3D101_INSTANCE_Uvm3%26p_p_lifecycle%3D0%26p_p_state%3Dnormal%26p_p_mode%3Dview%26p_p_col_id%3Dcolumn-2%26p_p_col_count%3D1;700.0;700.0;100.00;2026-03-26 08:00
2026-03-23 11:10:40;Honda Civic;Licytacja;Wołomin;270;https://www.mazowieckie.kas.gov.pl/izba-administracji-skarbowej-w-warszawie/ogloszenia/obwieszczenia-o-licytacjach/-/asset_publisher/Uvm3/content/obwieszczenie-o-drugiej-licytacji-ruchomosci-honda-civic-rok-prod-2011-termin-26-marca-2026-roku-godz-11-30?redirect=https%3A%2F%2Fwww.mazowieckie.kas.gov.pl%2Fizba-administracji-skarbowej-w-warszawie%2Fogloszenia%2Fobwieszczenia-o-licytacjach%3Fp_p_id%3D101_INSTANCE_Uvm3%26p_p_lifecycle%3D0%26p_p_state%3Dnormal%26p_p_mode%3Dview%26p_p_col_id%3Dcolumn-2%26p_p_col_count%3D1;20000.0;10000.0;50.00;2026-03-26 11:30
2026-03-23 11:11:36;Peugeot 407;Licytacja;Gronków;70;https://www.malopolskie.kas.gov.pl/izba-administracji-skarbowej-w-krakowie/ogloszenia/obwieszczenia-o-licytacjach/-/asset_publisher/4FbB/content/obwieszczenie-o-ii-licytacji-samochodu-peugeot-407-30-03-2026-r-o-godz-12-00-w-gronkowie?redirect=https%3A%2F%2Fwww.malopolskie.kas.gov.pl%2Fizba-administracji-skarbowej-w-krakowie%2Fogloszenia%2Fobwieszczenia-o-licytacjach%3Fp_p_id%3D101_INSTANCE_4FbB%26p_p_lifecycle%3D0%26p_p_state%3Dnormal%26p_p_mode%3Dview%26p_p_col_id%3Dcolumn-2%26p_p_col_count%3D1;2000;1000;50.00;2026-03-30 12:00
2026-03-23 11:12:11;Nissan Micra 1.2 hatchback;Wolna ręka;Siedlce;285;https://www.mazowieckie.kas.gov.pl/izba-administracji-skarbowej-w-warszawie/ogloszenia/obwieszczenia-o-licytacjach/-/asset_publisher/Uvm3/content/zawiadomienie-o-sprzedazy-z-wolnej-reki-ruchomosci-samochod-osobowy-marki-nissan-micra-rok-produkcji-2003-termin-od-26-marca-2026-rok-godz-10-15-do-26-marca-2026-roku-godzina-10-30?redirect=https%3A%2F%2Fwww.mazowieckie.kas.gov.pl%2Fizba-administracji-skarbowej-w-warszawie%2Fogloszenia%2Fobwieszczenia-o-licytacjach%3Fp_p_id%3D101_INSTANCE_Uvm3%26p_p_lifecycle%3D0%26p_p_state%3Dnormal%26p_p_mode%3Dview%26p_p_col_id%3Dcolumn-2%26p_p_col_count%3D1;3000;400;13.33;2026-03-26 10:15
2026-03-23 11:12:27;TOYOTA COROLLA VERSO;Wolna ręka;Radom;172;https://www.mazowieckie.kas.gov.pl/izba-administracji-skarbowej-w-warszawie/ogloszenia/obwieszczenia-o-licytacjach/-/asset_publisher/Uvm3/content/zawiadomienie-o-sprzedazy-z-wolnej-reki-ruchomosci-samochod-osobowy-marki-toyota-corolla-verso-rok-prod-2006-termin-27-marca-2026-r-od-godziny-10-00-do-11-00?redirect=https%3A%2F%2Fwww.mazowieckie.kas.gov.pl%2Fizba-administracji-skarbowej-w-warszawie%2Fogloszenia%2Fobwieszczenia-o-licytacjach%3Fp_p_id%3D101_INSTANCE_Uvm3%26p_p_lifecycle%3D0%26p_p_state%3Dnormal%26p_p_mode%3Dview%26p_p_col_id%3Dcolumn-2%26p_p_col_count%3D1;12000;3000;25.00;2026-03-27 10:00
2026-03-23 11:12:41;naczepa ciężarowa – platforma KRONE;Licytacja;Świebodzin;392;https://www.lubuskie.kas.gov.pl/izba-administracji-skarbowej-w-zielonej-gorze/ogloszenia/obwieszczenia-o-licytacjach/-/asset_publisher/4lkF/content/druga-licytacja-ruchomosci-naczepy-ciezarowej-krone?redirect=https%3A%2F%2Fwww.lubuskie.kas.gov.pl%2Fizba-administracji-skarbowej-w-zielonej-gorze%2Fogloszenia%2Fobwieszczenia-o-licytacjach%3Fp_p_id%3D101_INSTANCE_4lkF%26p_p_lifecycle%3D0%26p_p_state%3Dnormal%26p_p_mode%3Dview%26p_p_col_id%3Dcolumn-2%26p_p_col_count%3D1%26_101_INSTANCE_4lkF_advancedSearch%3Dfalse%26_101_INSTANCE_4lkF_keywords%3D%26_101_INSTANCE_4lkF_delta%3D20%26_101_INSTANCE_4lkF_cur%3D2%26_101_INSTANCE_4lkF_andOperator%3Dtrue;48000.0;24000.0;50.00;2026-04-08 09:00
2026-03-23 11:12:54;Fiat Ducato 35 2,3 M-jet MR 16 E6 3,5t;Licytacja;Radomsko;117;https://www.gov.pl/web/ias-lodz/obwieszczenie-o-drugiej-licytacji-ruchomosci-27032026-r-fiat-ducato-rok-prod-2018;49800.0;24900.0;50.00;2026-03-27 12:00
2026-03-23 11:13:33;MAZDA 6;Wolna ręka;Olsztyn;415;https://www.warminsko-mazurskie.kas.gov.pl/izba-administracji-skarbowej-w-olsztynie/ogloszenia/obwieszczenia-o-licytacjach/-/asset_publisher/4jLy/content/sprzedaz-z-wolnej-reki-ruchomosci-samochod-osobowy-marki-mazda-6-3-kwietnia-2026-r?redirect=https%3A%2F%2Fwww.warminsko-mazurskie.kas.gov.pl%2Fizba-administracji-skarbowej-w-olsztynie%2Fogloszenia%2Fobwieszczenia-o-licytacjach%3Fp_p_id%3D101_INSTANCE_4jLy%26p_p_lifecycle%3D0%26p_p_state%3Dnormal%26p_p_mode%3Dview%26p_p_col_id%3Dcolumn-2%26p_p_col_count%3D1;50000;10000;20.00;2026-04-03 10:30
2026-03-23 11:13:52;Ford Focus;Wolna ręka;Zwoleń;185;https://www.mazowieckie.kas.gov.pl/izba-administracji-skarbowej-w-warszawie/ogloszenia/obwieszczenia-o-licytacjach/-/asset_publisher/Uvm3/content/zawiadomienie-o-sprzedazy-z-wolnej-reki-ruchomosci-samochod-osobowy-ford-focus-rok-prod-2002-r-termin-od-26-marca-2026-r-do-9-kwietnia-2025r-w-godz-od-9-00-do-14-00?redirect=https%3A%2F%2Fwww.mazowieckie.kas.gov.pl%2Fizba-administracji-skarbowej-w-warszawie%2Fogloszenia%2Fobwieszczenia-o-licytacjach%3Fp_p_id%3D101_INSTANCE_Uvm3%26p_p_lifecycle%3D0%26p_p_state%3Dnormal%26p_p_mode%3Dview%26p_p_col_id%3Dcolumn-2%26p_p_col_count%3D1%26_101_INSTANCE_Uvm3_advancedSearch%3Dfalse%26_101_INSTANCE_Uvm3_keywords%3D%26_101_INSTANCE_Uvm3_delta%3D20%26_101_INSTANCE_Uvm3_cur%3D2%26_101_INSTANCE_Uvm3_andOperator%3Dtrue;2000;600;30.00;2026-03-26 09:00
2026-03-23 11:14:13;Volkswagen Golf;Licytacja;Zwoleń;185;https://www.mazowieckie.kas.gov.pl/izba-administracji-skarbowej-w-warszawie/ogloszenia/obwieszczenia-o-licytacjach/-/asset_publisher/Uvm3/content/obwieszczenie-o-drugiej-licytacji-ruchomosci-samochod-osobowy-volkswagen-golf-rok-prod-1999-r-termin-26-marca-2026-rok-godz-11-00?redirect=https%3A%2F%2Fwww.mazowieckie.kas.gov.pl%2Fizba-administracji-skarbowej-w-warszawie%2Fogloszenia%2Fobwieszczenia-o-licytacjach%3Fp_p_id%3D101_INSTANCE_Uvm3%26p_p_lifecycle%3D0%26p_p_state%3Dnormal%26p_p_mode%3Dview%26p_p_col_id%3Dcolumn-2%26p_p_col_count%3D1%26_101_INSTANCE_Uvm3_advancedSearch%3Dfalse%26_101_INSTANCE_Uvm3_keywords%3D%26_101_INSTANCE_Uvm3_delta%3D20%26_101_INSTANCE_Uvm3_cur%3D2%26_101_INSTANCE_Uvm3_andOperator%3Dtrue;1000;500;50.00;2026-03-26 11:00
2026-03-23 11:14:30;PEUGEOT 207 1.4 HDI;Wolna ręka;Płock;276;https://www.mazowieckie.kas.gov.pl/izba-administracji-skarbowej-w-warszawie/ogloszenia/obwieszczenia-o-licytacjach/-/asset_publisher/Uvm3/content/zawiadomienie-o-sprzedazy-z-wolnej-reki-ruchomosci-peugeot-207-rok-produkcji-2006-termin-od-26-do-31-marca-2026-roku-od-godz-9-00-do-godz-13-00?redirect=https%3A%2F%2Fwww.mazowieckie.kas.gov.pl%2Fizba-administracji-skarbowej-w-warszawie%2Fogloszenia%2Fobwieszczenia-o-licytacjach%3Fp_p_id%3D101_INSTANCE_Uvm3%26p_p_lifecycle%3D0%26p_p_state%3Dnormal%26p_p_mode%3Dview%26p_p_col_id%3Dcolumn-2%26p_p_col_count%3D1%26_101_INSTANCE_Uvm3_advancedSearch%3Dfalse%26_101_INSTANCE_Uvm3_keywords%3D%26_101_INSTANCE_Uvm3_delta%3D20%26_101_INSTANCE_Uvm3_cur%3D2%26_101_INSTANCE_Uvm3_andOperator%3Dtrue;3700.0;600.0;16.22;2026-03-26 09:00
2026-03-23 11:14:58;FORD MONDEO KOMBI;Wolna ręka;Świdnica;259;https://www.gov.pl/web/ias-wroclaw/sprzedaz-z-wolnej-reki-ruchomosci14;20000.0;8000.0;40.00;2026-03-26 09:00
2026-03-23 11:15:21;Nissan Almera;Wolna ręka;Tarnów;75;https://www.malopolskie.kas.gov.pl/izba-administracji-skarbowej-w-krakowie/ogloszenia/obwieszczenia-o-licytacjach/-/asset_publisher/4FbB/content/obwieszczenie-o-sprzedazy-z-wolnej-reki-samochodu-nissan-almera-od-20-03-2026r-od-godz-10-00-do-27-03-2026r-do-godz-15-00-w-tarnowie?redirect=https%3A%2F%2Fwww.malopolskie.kas.gov.pl%2Fizba-administracji-skarbowej-w-krakowie%2Fogloszenia%2Fobwieszczenia-o-licytacjach%3Fp_p_id%3D101_INSTANCE_4FbB%26p_p_lifecycle%3D0%26p_p_state%3Dnormal%26p_p_mode%3Dview%26p_p_col_id%3Dcolumn-2%26p_p_col_count%3D1;1000;250;25.00;2026-03-20 10:00
2026-03-23 11:15:31;Toyota Corolla kombi;Wolna ręka;Świdnica;259;https://www.gov.pl/web/ias-wroclaw/sprzedaz-z-wolnej-reki-ruchomosci13;4000.0;1000.0;25.00;2026-03-25 09:00
2026-03-23 11:16:43;Jeep Cherokee 3.7;Licytacja;Warszawa;254;https://www.mazowieckie.kas.gov.pl/izba-administracji-skarbowej-w-warszawie/ogloszenia/obwieszczenia-o-licytacjach/-/asset_publisher/Uvm3/content/obwieszczenie-o-drugiej-licytacji-ruchomosci-samochod-osobowy-jeep-cherokee-3-7-kat-van-2005-termin-24-marca-2026-rok-godz-13-00?redirect=https%3A%2F%2Fwww.mazowieckie.kas.gov.pl%2Fizba-administracji-skarbowej-w-warszawie%2Fogloszenia%2Fobwieszczenia-o-licytacjach%3Fp_p_id%3D101_INSTANCE_Uvm3%26p_p_lifecycle%3D0%26p_p_state%3Dnormal%26p_p_mode%3Dview%26p_p_col_id%3Dcolumn-2%26p_p_col_count%3D1%26_101_INSTANCE_Uvm3_advancedSearch%3Dfalse%26_101_INSTANCE_Uvm3_keywords%3D%26_101_INSTANCE_Uvm3_delta%3D20%26_101_INSTANCE_Uvm3_cur%3D2%26_101_INSTANCE_Uvm3_andOperator%3Dtrue;20000.0;10000.0;50.00;2026-03-24 13:00
2026-03-23 11:17:08;KIA PICANTO;Wolna ręka;Piotrków Trybunalski;151;https://www.gov.pl/web/ias-lodz/zawiadomienie-o-sprzedazy-ruchomosci-z-wolnej-reki-w-terminie-26032026-r-kia-picanto-rok-prod-2005;1600.0;400.0;25.00;2026-03-26 08:30
2026-03-23 11:17:32;VOLKSWAGEN GOLF;Licytacja;Piotrków Trybunalski;151;https://www.gov.pl/web/ias-lodz/obwieszczenie-o-ii-licytacji-ruchomosci-26032026-r-vw-golf-rok-prod-1998;1200;600;50.00;2026-03-26 09:15
2026-03-23 11:18:12;RENAULT Kangoo I 1.6 16v van 5-D;Licytacja;Gąsawy;364;https://www.wielkopolskie.kas.gov.pl/izba-administracji-skarbowej-w-poznaniu/ogloszenia/obwieszczenia-o-licytacjach/-/asset_publisher/5TaH/content/druga-licytacja-ruchomosci-samochod-renault-kangoo-31-marca-2026-r-godz-14-30?redirect=https%3A%2F%2Fwww.wielkopolskie.kas.gov.pl%2Fizba-administracji-skarbowej-w-poznaniu%2Fogloszenia%2Fobwieszczenia-o-licytacjach%3Fp_p_id%3D101_INSTANCE_5TaH%26p_p_lifecycle%3D0%26p_p_state%3Dnormal%26p_p_mode%3Dview%26p_p_col_id%3Dcolumn-2%26p_p_col_count%3D1;4500.0;2250.0;50.00;2026-03-31 14:30
2026-03-23 11:18:28;Mercedes Benz Sprinter;Licytacja;Inowrocław;324;https://www.kujawsko-pomorskie.kas.gov.pl/izba-administracji-skarbowej-w-bydgoszczy/ogloszenia/obwieszczenia-o-licytacjach/-/asset_publisher/Sg9I/content/obwieszczenie-o-drugiej-licytacji-ruchomosci-30-marca-2026-roku-samochod-ciezarowy-marki-mercedes-benz-sprinter-samochod-ciezarowy-marki-renault-clio?redirect=https%3A%2F%2Fwww.kujawsko-pomorskie.kas.gov.pl%2Fizba-administracji-skarbowej-w-bydgoszczy%2Fogloszenia%2Fobwieszczenia-o-licytacjach%3Fp_p_id%3D101_INSTANCE_Sg9I%26p_p_lifecycle%3D0%26p_p_state%3Dnormal%26p_p_mode%3Dview%26p_p_col_id%3Dcolumn-2%26p_p_col_count%3D1;21000;10500;50.00;2026-03-30 10:00
2026-03-23 11:18:28;Renault Clio;Licytacja;Inowrocław;324;https://www.kujawsko-pomorskie.kas.gov.pl/izba-administracji-skarbowej-w-bydgoszczy/ogloszenia/obwieszczenia-o-licytacjach/-/asset_publisher/Sg9I/content/obwieszczenie-o-drugiej-licytacji-ruchomosci-30-marca-2026-roku-samochod-ciezarowy-marki-mercedes-benz-sprinter-samochod-ciezarowy-marki-renault-clio?redirect=https%3A%2F%2Fwww.kujawsko-pomorskie.kas.gov.pl%2Fizba-administracji-skarbowej-w-bydgoszczy%2Fogloszenia%2Fobwieszczenia-o-licytacjach%3Fp_p_id%3D101_INSTANCE_Sg9I%26p_p_lifecycle%3D0%26p_p_state%3Dnormal%26p_p_mode%3Dview%26p_p_col_id%3Dcolumn-2%26p_p_col_count%3D1;6000;3000;50.00;2026-03-30 10:00
2026-03-23 11:19:01;Ford Focus C-Max;Licytacja;Starogard Gdański;445;https://www.pomorskie.kas.gov.pl/izba-administracji-skarbowej-w-gdansku/ogloszenia/obwieszczenia-o-licytacjach/-/asset_publisher/Ozp4/content/obwieszczenie-odrugiej-licytacji-ruchomosci-samochod-osobowy-ford-c-max-rok-prod-2007-termin-25-marca-2026-urzad-skarbowy-w-starogardzie-gdanskim?redirect=https%3A%2F%2Fwww.pomorskie.kas.gov.pl%2Fizba-administracji-skarbowej-w-gdansku%2Fogloszenia%2Fobwieszczenia-o-licytacjach%3Fp_p_id%3D101_INSTANCE_Ozp4%26p_p_lifecycle%3D0%26p_p_state%3Dnormal%26p_p_mode%3Dview%26p_p_col_id%3Dcolumn-2%26p_p_col_count%3D1;4000;2000;50.00;2026-03-25 08:30
2026-03-23 11:19:50;DODGE CALIBER;Licytacja;Sieradz;190;https://www.gov.pl/web/ias-lodz/obwieszczenie-o-ii-licytacji-ruchomosci-26032026-r-dodge-caliber-rok-prod-2007;9000.0;4500.0;50.00;2026-03-26 09:00
2026-03-23 11:20:05;Skoda Octavia 1,9 TDI;Licytacja;Kępno;193;https://www.wielkopolskie.kas.gov.pl/izba-administracji-skarbowej-w-poznaniu/ogloszenia/obwieszczenia-o-licytacjach/-/asset_publisher/5TaH/content/druga-licytacja-ruchomosci-samochod-skoda-octavia-8-kwietnia-2026-r-godz-10-00?redirect=https%3A%2F%2Fwww.wielkopolskie.kas.gov.pl%2Fizba-administracji-skarbowej-w-poznaniu%2Fogloszenia%2Fobwieszczenia-o-licytacjach%3Fp_p_id%3D101_INSTANCE_5TaH%26p_p_lifecycle%3D0%26p_p_state%3Dnormal%26p_p_mode%3Dview%26p_p_col_id%3Dcolumn-2%26p_p_col_count%3D1;2000;1000;50.00;2026-04-08 10:00
2026-03-23 11:20:22;Pilarka PILEX PTG-500;Wolna ręka;Poznań;334;https://www.wielkopolskie.kas.gov.pl/izba-administracji-skarbowej-w-poznaniu/ogloszenia/obwieszczenia-o-licytacjach/-/asset_publisher/5TaH/content/sprzedaz-ruchomosci-jednostkom-prowadzacym-skup-przedmiotow-uzywanych-lub-surowcow-wtornych-pilarka-pilex-pilarka-makita-naczepa-langendorf-naczepa-faymonville-od-23-marca-do-30-kwietnia-2026-r-w-godzinach-od-8-00-do-14-00?redirect=https%3A%2F%2Fwww.wielkopolskie.kas.gov.pl%2Fizba-administracji-skarbowej-w-poznaniu%2Fogloszenia%2Fobwieszczenia-o-licytacjach%3Fp_p_id%3D101_INSTANCE_5TaH%26p_p_lifecycle%3D0%26p_p_state%3Dnormal%26p_p_mode%3Dview%26p_p_col_id%3Dcolumn-2%26p_p_col_count%3D1;3400.0;600.0;17.65;2026-03-23 08:00
2026-03-23 11:20:22;Pilarka tarczowa MAKITA 5604R;Wolna ręka;Poznań;334;https://www.wielkopolskie.kas.gov.pl/izba-administracji-skarbowej-w-poznaniu/ogloszenia/obwieszczenia-o-licytacjach/-/asset_publisher/5TaH/content/sprzedaz-ruchomosci-jednostkom-prowadzacym-skup-przedmiotow-uzywanych-lub-surowcow-wtornych-pilarka-pilex-pilarka-makita-naczepa-langendorf-naczepa-faymonville-od-23-marca-do-30-kwietnia-2026-r-w-godzinach-od-8-00-do-14-00?redirect=https%3A%2F%2Fwww.wielkopolskie.kas.gov.pl%2Fizba-administracji-skarbowej-w-poznaniu%2Fogloszenia%2Fobwieszczenia-o-licytacjach%3Fp_p_id%3D101_INSTANCE_5TaH%26p_p_lifecycle%3D0%26p_p_state%3Dnormal%26p_p_mode%3Dview%26p_p_col_id%3Dcolumn-2%26p_p_col_count%3D1;200.0;35.0;17.50;2026-03-23 08:00
2026-03-23 11:20:22;Naczepa ciężarowa LANGENDORF SBT 27/32;Wolna ręka;Poznań;334;https://www.wielkopolskie.kas.gov.pl/izba-administracji-skarbowej-w-poznaniu/ogloszenia/obwieszczenia-o-licytacjach/-/asset_publisher/5TaH/content/sprzedaz-ruchomosci-jednostkom-prowadzacym-skup-przedmiotow-uzywanych-lub-surowcow-wtornych-pilarka-pilex-pilarka-makita-naczepa-langendorf-naczepa-faymonville-od-23-marca-do-30-kwietnia-2026-r-w-godzinach-od-8-00-do-14-00?redirect=https%3A%2F%2Fwww.wielkopolskie.kas.gov.pl%2Fizba-administracji-skarbowej-w-poznaniu%2Fogloszenia%2Fobwieszczenia-o-licytacjach%3Fp_p_id%3D101_INSTANCE_5TaH%26p_p_lifecycle%3D0%26p_p_state%3Dnormal%26p_p_mode%3Dview%26p_p_col_id%3Dcolumn-2%26p_p_col_count%3D1;34400.0;4800.0;13.95;2026-03-23 08:00
2026-03-23 11:20:22;Naczepa ciężarowa FAYMONVILLE ILO H;Wolna ręka;Poznań;334;https://www.wielkopolskie.kas.gov.pl/izba-administracji-skarbowej-w-poznaniu/ogloszenia/obwieszczenia-o-licytacjach/-/asset_publisher/5TaH/content/sprzedaz-ruchomosci-jednostkom-prowadzacym-skup-przedmiotow-uzywanych-lub-surowcow-wtornych-pilarka-pilex-pilarka-makita-naczepa-langendorf-naczepa-faymonville-od-23-marca-do-30-kwietnia-2026-r-w-godzinach-od-8-00-do-14-00?redirect=https%3A%2F%2Fwww.wielkopolskie.kas.gov.pl%2Fizba-administracji-skarbowej-w-poznaniu%2Fogloszenia%2Fobwieszczenia-o-licytacjach%3Fp_p_id%3D101_INSTANCE_5TaH%26p_p_lifecycle%3D0%26p_p_state%3Dnormal%26p_p_mode%3Dview%26p_p_col_id%3Dcolumn-2%26p_p_col_count%3D1;37300.0;5500.0;14.75;2026-03-23 08:00
2026-03-23 11:21:16;Volkswagen Passat;Wolna ręka;Lublin;225;https://www.lubelskie.kas.gov.pl/izba-administracji-skarbowej-w-lublinie/ogloszenia/obwieszczenia-o-licytacjach/-/asset_publisher/rkN6/content/zawiadomienie-naczelnika-pierwszego-urzedu-skarbowego-w-lublinie-o-sprzedazy-ruchomosci-z-wolnej-reki-do-25-marca-2026-r-samochod-osobowy-volkswagen-passat?redirect=https%3A%2F%2Fwww.lubelskie.kas.gov.pl%2Fizba-administracji-skarbowej-w-lublinie%2Fogloszenia%2Fobwieszczenia-o-licytacjach%3Fp_p_id%3D101_INSTANCE_rkN6%26p_p_lifecycle%3D0%26p_p_state%3Dnormal%26p_p_mode%3Dview%26p_p_col_id%3Dcolumn-2%26p_p_col_count%3D1;5000.0;1500.0;30.00;2026-03-25 08:00
2026-03-23 11:22:34;Mercedes-Benz model E 200;Licytacja;Rozkopaczew;254;https://www.lubelskie.kas.gov.pl/izba-administracji-skarbowej-w-lublinie/ogloszenia/obwieszczenia-o-licytacjach/-/asset_publisher/rkN6/content/obwieszczenie-naczelnika-urzedu-skarbowego-w-lubartowie-o-drugiej-licytacji-ruchomosci-27-marca-2026-r-samochod-osobowy-mercedes-benz-model-e-200?redirect=https%3A%2F%2Fwww.lubelskie.kas.gov.pl%2Fizba-administracji-skarbowej-w-lublinie%2Fogloszenia%2Fobwieszczenia-o-licytacjach%3Fp_p_id%3D101_INSTANCE_rkN6%26p_p_lifecycle%3D0%26p_p_state%3Dnormal%26p_p_mode%3Dview%26p_p_col_id%3Dcolumn-2%26p_p_col_count%3D1;16500.0;8250.0;50.00;2026-03-27 10:00
2026-03-23 11:23:03;VOLKSWAGEN CADDY;Licytacja;Wieliczka;12;https://www.malopolskie.kas.gov.pl/izba-administracji-skarbowej-w-krakowie/ogloszenia/obwieszczenia-o-licytacjach/-/asset_publisher/4FbB/content/obwieszczenie-o-ii-licytacji-samochodu-volkswagen-caddy-26-03-202r-o-11-00-w-wieliczce?redirect=https%3A%2F%2Fwww.malopolskie.kas.gov.pl%2Fizba-administracji-skarbowej-w-krakowie%2Fogloszenia%2Fobwieszczenia-o-licytacjach%3Fp_p_id%3D101_INSTANCE_4FbB%26p_p_lifecycle%3D0%26p_p_state%3Dnormal%26p_p_mode%3Dview%26p_p_col_id%3Dcolumn-2%26p_p_col_count%3D1;5000;2500;50.00;2026-03-26 11:00
2026-03-23 11:23:34;Motorower ROMET MOTORS 717;Licytacja;Sulęcin;427;https://www.lubuskie.kas.gov.pl/izba-administracji-skarbowej-w-zielonej-gorze/ogloszenia/obwieszczenia-o-licytacjach/-/asset_publisher/4lkF/content/druga-licytacja-ruchomosci-dwoch-samochodow-osobowych-audi-a4-oraz-peugeot-407-oraz-motoroweru-romet-motors-717?redirect=https%3A%2F%2Fwww.lubuskie.kas.gov.pl%2Fizba-administracji-skarbowej-w-zielonej-gorze%2Fogloszenia%2Fobwieszczenia-o-licytacjach%3Fp_p_id%3D101_INSTANCE_4lkF%26p_p_lifecycle%3D0%26p_p_state%3Dnormal%26p_p_mode%3Dview%26p_p_col_id%3Dcolumn-2%26p_p_col_count%3D1;1000;500;50.00;2026-03-25 10:00
2026-03-23 11:23:34;Samochód osobowy AUDI A4;Licytacja;Sulęcin;427;https://www.lubuskie.kas.gov.pl/izba-administracji-skarbowej-w-zielonej-gorze/ogloszenia/obwieszczenia-o-licytacjach/-/asset_publisher/4lkF/content/druga-licytacja-ruchomosci-dwoch-samochodow-osobowych-audi-a4-oraz-peugeot-407-oraz-motoroweru-romet-motors-717?redirect=https%3A%2F%2Fwww.lubuskie.kas.gov.pl%2Fizba-administracji-skarbowej-w-zielonej-gorze%2Fogloszenia%2Fobwieszczenia-o-licytacjach%3Fp_p_id%3D101_INSTANCE_4lkF%26p_p_lifecycle%3D0%26p_p_state%3Dnormal%26p_p_mode%3Dview%26p_p_col_id%3Dcolumn-2%26p_p_col_count%3D1;2000;1000;50.00;2026-03-25 10:00
2026-03-23 11:23:34;Samochód osobowy PEUGEOT 407 2.0 HDI SW;Licytacja;Sulęcin;427;https://www.lubuskie.kas.gov.pl/izba-administracji-skarbowej-w-zielonej-gorze/ogloszenia/obwieszczenia-o-licytacjach/-/asset_publisher/4lkF/content/druga-licytacja-ruchomosci-dwoch-samochodow-osobowych-audi-a4-oraz-peugeot-407-oraz-motoroweru-romet-motors-717?redirect=https%3A%2F%2Fwww.lubuskie.kas.gov.pl%2Fizba-administracji-skarbowej-w-zielonej-gorze%2Fogloszenia%2Fobwieszczenia-o-licytacjach%3Fp_p_id%3D101_INSTANCE_4lkF%26p_p_lifecycle%3D0%26p_p_state%3Dnormal%26p_p_mode%3Dview%26p_p_col_id%3Dcolumn-2%26p_p_col_count%3D1;7000;3500;50.00;2026-03-25 10:00
2026-03-23 11:24:46;Motorower PEUGEOT SPEEDFIGHT;Licytacja;Radom;172;https://www.mazowieckie.kas.gov.pl/izba-administracji-skarbowej-w-warszawie/ogloszenia/obwieszczenia-o-licytacjach/-/asset_publisher/Uvm3/content/obwieszczenie-o-drugiej-licytacji-ruchomosci-motorower-peugeot-speedfight-rok-prod-2007-termin-2-04-2026-rok-godz-10-00?redirect=https%3A%2F%2Fwww.mazowieckie.kas.gov.pl%2Fizba-administracji-skarbowej-w-warszawie%2Fogloszenia%2Fobwieszczenia-o-licytacjach%3Fp_p_id%3D101_INSTANCE_Uvm3%26p_p_lifecycle%3D0%26p_p_state%3Dnormal%26p_p_mode%3Dview%26p_p_col_id%3Dcolumn-2%26p_p_col_count%3D1%26_101_INSTANCE_Uvm3_advancedSearch%3Dfalse%26_101_INSTANCE_Uvm3_keywords%3D%26_101_INSTANCE_Uvm3_delta%3D20%26_101_INSTANCE_Uvm3_cur%3D2%26_101_INSTANCE_Uvm3_andOperator%3Dtrue;2000;1000;50.00;2026-04-02 10:00
2026-03-23 11:25:03;OPEL CORSA 1.0 KAT HATCHBACK;Wolna ręka;Radom;172;https://www.mazowieckie.kas.gov.pl/izba-administracji-skarbowej-w-warszawie/ogloszenia/obwieszczenia-o-licytacjach/-/asset_publisher/Uvm3/content/zawiadomienie-o-sprzedazy-z-wolnej-reki-ruchomosci-samochod-osobowy-opel-corsa-rok-prod-2006-termin-od-7-04-2026-roku-od-godz-10-00-do-10-04-2026-roku-do-godz-12-00?redirect=https%3A%2F%2Fwww.mazowieckie.kas.gov.pl%2Fizba-administracji-skarbowej-w-warszawie%2Fogloszenia%2Fobwieszczenia-o-licytacjach%3Fp_p_id%3D101_INSTANCE_Uvm3%26p_p_lifecycle%3D0%26p_p_state%3Dnormal%26p_p_mode%3Dview%26p_p_col_id%3Dcolumn-2%26p_p_col_count%3D1%26_101_INSTANCE_Uvm3_advancedSearch%3Dfalse%26_101_INSTANCE_Uvm3_keywords%3D%26_101_INSTANCE_Uvm3_delta%3D20%26_101_INSTANCE_Uvm3_cur%3D2%26_101_INSTANCE_Uvm3_andOperator%3Dtrue;3000;300;10.00;2026-04-07 10:00
2026-03-23 11:25:20;Renault Clio;Wolna ręka;Lublin;225;https://www.lubelskie.kas.gov.pl/izba-administracji-skarbowej-w-lublinie/ogloszenia/obwieszczenia-o-licytacjach/-/asset_publisher/rkN6/content/zawiadomienie-naczelnika-pierwszego-urzedu-skarbowego-w-lublinie-o-sprzedazy-ruchomosci-z-wolnej-reki-do-25-marca-2026-r-samochod-marki-renault-clio?redirect=https%3A%2F%2Fwww.lubelskie.kas.gov.pl%2Fizba-administracji-skarbowej-w-lublinie%2Fogloszenia%2Fobwieszczenia-o-licytacjach%3Fp_p_id%3D101_INSTANCE_rkN6%26p_p_lifecycle%3D0%26p_p_state%3Dnormal%26p_p_mode%3Dview%26p_p_col_id%3Dcolumn-2%26p_p_col_count%3D1;2500;750;30.00;2026-03-25 08:00
2026-03-23 11:25:37;BMW 320 2.0 D;Licytacja;Siedlce;285;https://www.mazowieckie.kas.gov.pl/izba-administracji-skarbowej-w-warszawie/ogloszenia/obwieszczenia-o-licytacjach/-/asset_publisher/Uvm3/content/obwieszczenie-o-drugiej-licytacji-ruchomosci-samochod-osobowy-marki-bmw-320-rok-produkcji-2005-termin-26-marca-2026-rok-godz-10-00?redirect=https%3A%2F%2Fwww.mazowieckie.kas.gov.pl%2Fizba-administracji-skarbowej-w-warszawie%2Fogloszenia%2Fobwieszczenia-o-licytacjach%3Fp_p_id%3D101_INSTANCE_Uvm3%26p_p_lifecycle%3D0%26p_p_state%3Dnormal%26p_p_mode%3Dview%26p_p_col_id%3Dcolumn-2%26p_p_col_count%3D1%26_101_INSTANCE_Uvm3_advancedSearch%3Dfalse%26_101_INSTANCE_Uvm3_keywords%3D%26_101_INSTANCE_Uvm3_delta%3D20%26_101_INSTANCE_Uvm3_cur%3D2%26_101_INSTANCE_Uvm3_andOperator%3Dtrue;9000;4500;50.00;2026-03-26 10:00
2026-03-23 11:26:11;Mercedes-Benz Sprinter Autobus;Wolna ręka;Sochaczew;242;https://www.mazowieckie.kas.gov.pl/izba-administracji-skarbowej-w-warszawie/ogloszenia/obwieszczenia-o-licytacjach/-/asset_publisher/Uvm3/content/zawiadomienie-o-sprzedazy-z-wolnej-reki-mercedes-benz-sprinter-autobus-z-2005-r-termin-30-marca-2026-roku-od-godz-10-00-do-godz-14-00?redirect=https%3A%2F%2Fwww.mazowieckie.kas.gov.pl%2Fizba-administracji-skarbowej-w-warszawie%2Fogloszenia%2Fobwieszczenia-o-licytacjach%3Fp_p_id%3D101_INSTANCE_Uvm3%26p_p_lifecycle%3D0%26p_p_state%3Dnormal%26p_p_mode%3Dview%26p_p_col_id%3Dcolumn-2%26p_p_col_count%3D1%26_101_INSTANCE_Uvm3_advancedSearch%3Dfalse%26_101_INSTANCE_Uvm3_keywords%3D%26_101_INSTANCE_Uvm3_delta%3D20%26_101_INSTANCE_Uvm3_cur%3D2%26_101_INSTANCE_Uvm3_andOperator%3Dtrue;40000;9000;22.50;2026-03-30 10:00
2026-03-23 11:26:29;RENAULT VIVARO;Licytacja;Radom;172;https://www.mazowieckie.kas.gov.pl/izba-administracji-skarbowej-w-warszawie/ogloszenia/obwieszczenia-o-licytacjach/-/asset_publisher/Uvm3/content/obwieszczenie-o-drugiej-licytacji-ruchomosci-samochod-renault-vivaro-rok-prod-2008-termin-21-04-2026-rok-godz-10-00?redirect=https%3A%2F%2Fwww.mazowieckie.kas.gov.pl%2Fizba-administracji-skarbowej-w-warszawie%2Fogloszenia%2Fobwieszczenia-o-licytacjach%3Fp_p_id%3D101_INSTANCE_Uvm3%26p_p_lifecycle%3D0%26p_p_state%3Dnormal%26p_p_mode%3Dview%26p_p_col_id%3Dcolumn-2%26p_p_col_count%3D1%26_101_INSTANCE_Uvm3_advancedSearch%3Dfalse%26_101_INSTANCE_Uvm3_keywords%3D%26_101_INSTANCE_Uvm3_delta%3D20%26_101_INSTANCE_Uvm3_cur%3D2%26_101_INSTANCE_Uvm3_andOperator%3Dtrue;15000;7500;50.00;2026-04-21 10:00
2026-03-23 11:26:44;Volkswagen Jetta;Licytacja;Nowa Sól;354;https://www.lubuskie.kas.gov.pl/izba-administracji-skarbowej-w-zielonej-gorze/ogloszenia/obwieszczenia-o-licytacjach/-/asset_publisher/4lkF/content/druga-licytacja-ruchomosci-samochodu-osobowego-volkswagen-jetta?redirect=https%3A%2F%2Fwww.lubuskie.kas.gov.pl%2Fizba-administracji-skarbowej-w-zielonej-gorze%2Fogloszenia%2Fobwieszczenia-o-licytacjach%3Fp_p_id%3D101_INSTANCE_4lkF%26p_p_lifecycle%3D0%26p_p_state%3Dnormal%26p_p_mode%3Dview%26p_p_col_id%3Dcolumn-2%26p_p_col_count%3D1;15000.0;7500.0;50.00;2026-03-24 11:00
2026-03-23 11:27:32;FIAT PUNTO 1.2;Licytacja;Jordanów;46;https://www.malopolskie.kas.gov.pl/izba-administracji-skarbowej-w-krakowie/ogloszenia/obwieszczenia-o-licytacjach/-/asset_publisher/4FbB/content/obwieszczenie-o-ii-licytacji-samochodu-fiat-punto-26-03-2026r-o-godz-10-00-w-jordanowie?redirect=https%3A%2F%2Fwww.malopolskie.kas.gov.pl%2Fizba-administracji-skarbowej-w-krakowie%2Fogloszenia%2Fobwieszczenia-o-licytacjach%3Fp_p_id%3D101_INSTANCE_4FbB%26p_p_lifecycle%3D0%26p_p_state%3Dnormal%26p_p_mode%3Dview%26p_p_col_id%3Dcolumn-2%26p_p_col_count%3D1;2500;1250;50.00;2026-03-26 10:00
2026-03-23 11:28:32;BMW 318;Licytacja;Tomaszów Mazowiecki;164;https://www.gov.pl/web/ias-lodz/obwieszczenie-o-drugiej-licytacji-ruchomosci-25032026-r-bmw-318-rok-prod-2006;13000.0;6500.0;50.00;2026-03-25 11:30
2026-03-23 11:29:09;Volkswagen Golf kombi;Licytacja;Grójec;211;https://www.mazowieckie.kas.gov.pl/izba-administracji-skarbowej-w-warszawie/ogloszenia/obwieszczenia-o-licytacjach/-/asset_publisher/Uvm3/content/obwieszczenie-o-drugiej-licytacji-ruchomosci-samochod-osobowy-volkswagen-golf-termin-26-marca-2026-roku-godz-9-00?redirect=https%3A%2F%2Fwww.mazowieckie.kas.gov.pl%2Fizba-administracji-skarbowej-w-warszawie%2Fogloszenia%2Fobwieszczenia-o-licytacjach%3Fp_p_id%3D101_INSTANCE_Uvm3%26p_p_lifecycle%3D0%26p_p_state%3Dnormal%26p_p_mode%3Dview%26p_p_col_id%3Dcolumn-2%26p_p_col_count%3D1%26_101_INSTANCE_Uvm3_advancedSearch%3Dfalse%26_101_INSTANCE_Uvm3_keywords%3D%26_101_INSTANCE_Uvm3_delta%3D20%26_101_INSTANCE_Uvm3_cur%3D2%26_101_INSTANCE_Uvm3_andOperator%3Dtrue;2800.0;1400.0;50.00;2026-03-26 09:00
2026-03-23 11:29:45;Toyota Yaris 1.0;Licytacja;Michale;389;https://www.kujawsko-pomorskie.kas.gov.pl/izba-administracji-skarbowej-w-bydgoszczy/ogloszenia/obwieszczenia-o-licytacjach/-/asset_publisher/Sg9I/content/obwieszczenie-o-drugiej-licytacji-25-marca-2026-roku-samochodu-osobowego-marki-toyota-yaris-1-0?redirect=https%3A%2F%2Fwww.kujawsko-pomorskie.kas.gov.pl%2Fizba-administracji-skarbowej-w-bydgoszczy%2Fogloszenia%2Fobwieszczenia-o-licytacjach%3Fp_p_id%3D101_INSTANCE_Sg9I%26p_p_lifecycle%3D0%26p_p_state%3Dnormal%26p_p_mode%3Dview%26p_p_col_id%3Dcolumn-2%26p_p_col_count%3D1;1500;750;50.00;2026-03-25 10:30
2026-03-23 11:30:31;BMW 320i;Licytacja;Augustów;469;https://www.gov.pl/web/ias-bialystok/bmw-320i-2001-r-pojazd-niesprawny---druga-licytacja;5000.0;2500.0;50.00;2026-03-25 09:30
2026-03-23 11:30:50;Mazda 3;Licytacja;Radziejów;301;https://www.kujawsko-pomorskie.kas.gov.pl/izba-administracji-skarbowej-w-bydgoszczy/ogloszenia/obwieszczenia-o-licytacjach/-/asset_publisher/Sg9I/content/obwieszczenie-o-drugiej-licytacji-25-marca-2026-roku-samochodu-osobowego-mazda-3?redirect=https%3A%2F%2Fwww.kujawsko-pomorskie.kas.gov.pl%2Fizba-administracji-skarbowej-w-bydgoszczy%2Fogloszenia%2Fobwieszczenia-o-licytacjach%3Fp_p_id%3D101_INSTANCE_Sg9I%26p_p_lifecycle%3D0%26p_p_state%3Dnormal%26p_p_mode%3Dview%26p_p_col_id%3Dcolumn-2%26p_p_col_count%3D1;44000;22000;50.00;2026-03-25 12:00
2026-03-23 11:31:21;PEUGEOT 206+;Licytacja;Lipno;314;https://www.kujawsko-pomorskie.kas.gov.pl/izba-administracji-skarbowej-w-bydgoszczy/ogloszenia/obwieszczenia-o-licytacjach/-/asset_publisher/Sg9I/content/obwieszczenie-o-drugiej-licytacji-samochodu-osobowego-marki-peugeot-206-25-marca-2026-roku-godz-10-00?redirect=https%3A%2F%2Fwww.kujawsko-pomorskie.kas.gov.pl%2Fizba-administracji-skarbowej-w-bydgoszczy%2Fogloszenia%2Fobwieszczenia-o-licytacjach%3Fp_p_id%3D101_INSTANCE_Sg9I%26p_p_lifecycle%3D0%26p_p_state%3Dnormal%26p_p_mode%3Dview%26p_p_col_id%3Dcolumn-2%26p_p_col_count%3D1;1400.0;700.0;50.00;2026-03-25 10:00
2026-03-23 11:31:31;Fiat Scudo;Licytacja;Drawsko Pomorskie;479;https://www.zachodniopomorskie.kas.gov.pl/izba-administracji-skarbowej-w-szczecinie/ogloszenia/obwieszczenia-o-licytacjach/-/asset_publisher/mKP7/content/obwieszczenie-o-drugiej-licytacji-ruchomosci-samochod-osobowy-fiat-scudo-rok-produkcji-2012-drony-dji-mini-27-marca-2026-r-urzad-skarbowy-w-drawsku-pomorskim?redirect=https%3A%2F%2Fwww.zachodniopomorskie.kas.gov.pl%2Fizba-administracji-skarbowej-w-szczecinie%2Fogloszenia%2Fobwieszczenia-o-licytacjach%3Fp_p_id%3D101_INSTANCE_mKP7%26p_p_lifecycle%3D0%26p_p_state%3Dnormal%26p_p_mode%3Dview%26p_p_col_id%3Dcolumn-2%26p_p_col_count%3D1;8500.0;4250.0;50.00;2026-03-27 10:00
2026-03-23 11:31:31;Dron DJI MINI 2;Licytacja;Drawsko Pomorskie;479;https://www.zachodniopomorskie.kas.gov.pl/izba-administracji-skarbowej-w-szczecinie/ogloszenia/obwieszczenia-o-licytacjach/-/asset_publisher/mKP7/content/obwieszczenie-o-drugiej-licytacji-ruchomosci-samochod-osobowy-fiat-scudo-rok-produkcji-2012-drony-dji-mini-27-marca-2026-r-urzad-skarbowy-w-drawsku-pomorskim?redirect=https%3A%2F%2Fwww.zachodniopomorskie.kas.gov.pl%2Fizba-administracji-skarbowej-w-szczecinie%2Fogloszenia%2Fobwieszczenia-o-licytacjach%3Fp_p_id%3D101_INSTANCE_mKP7%26p_p_lifecycle%3D0%26p_p_state%3Dnormal%26p_p_mode%3Dview%26p_p_col_id%3Dcolumn-2%26p_p_col_count%3D1;800.0;400.0;50.00;2026-03-27 10:00
2026-03-23 11:31:31;Dron DJI MINI 2;Licytacja;Drawsko Pomorskie;479;https://www.zachodniopomorskie.kas.gov.pl/izba-administracji-skarbowej-w-szczecinie/ogloszenia/obwieszczenia-o-licytacjach/-/asset_publisher/mKP7/content/obwieszczenie-o-drugiej-licytacji-ruchomosci-samochod-osobowy-fiat-scudo-rok-produkcji-2012-drony-dji-mini-27-marca-2026-r-urzad-skarbowy-w-drawsku-pomorskim?redirect=https%3A%2F%2Fwww.zachodniopomorskie.kas.gov.pl%2Fizba-administracji-skarbowej-w-szczecinie%2Fogloszenia%2Fobwieszczenia-o-licytacjach%3Fp_p_id%3D101_INSTANCE_mKP7%26p_p_lifecycle%3D0%26p_p_state%3Dnormal%26p_p_mode%3Dview%26p_p_col_id%3Dcolumn-2%26p_p_col_count%3D1;800.0;400.0;50.00;2026-03-27 10:00
2026-03-23 11:31:31;Dron DJI Mini 3;Licytacja;Drawsko Pomorskie;479;https://www.zachodniopomorskie.kas.gov.pl/izba-administracji-skarbowej-w-szczecinie/ogloszenia/obwieszczenia-o-licytacjach/-/asset_publisher/mKP7/content/obwieszczenie-o-drugiej-licytacji-ruchomosci-samochod-osobowy-fiat-scudo-rok-produkcji-2012-drony-dji-mini-27-marca-2026-r-urzad-skarbowy-w-drawsku-pomorskim?redirect=https%3A%2F%2Fwww.zachodniopomorskie.kas.gov.pl%2Fizba-administracji-skarbowej-w-szczecinie%2Fogloszenia%2Fobwieszczenia-o-licytacjach%3Fp_p_id%3D101_INSTANCE_mKP7%26p_p_lifecycle%3D0%26p_p_state%3Dnormal%26p_p_mode%3Dview%26p_p_col_id%3Dcolumn-2%26p_p_col_count%3D1;1300.0;650.0;50.00;2026-03-27 10:00
2026-03-23 11:31:31;Dron DJI AIR 3;Licytacja;Drawsko Pomorskie;479;https://www.zachodniopomorskie.kas.gov.pl/izba-administracji-skarbowej-w-szczecinie/ogloszenia/obwieszczenia-o-licytacjach/-/asset_publisher/mKP7/content/obwieszczenie-o-drugiej-licytacji-ruchomosci-samochod-osobowy-fiat-scudo-rok-produkcji-2012-drony-dji-mini-27-marca-2026-r-urzad-skarbowy-w-drawsku-pomorskim?redirect=https%3A%2F%2Fwww.zachodniopomorskie.kas.gov.pl%2Fizba-administracji-skarbowej-w-szczecinie%2Fogloszenia%2Fobwieszczenia-o-licytacjach%3Fp_p_id%3D101_INSTANCE_mKP7%26p_p_lifecycle%3D0%26p_p_state%3Dnormal%26p_p_mode%3Dview%26p_p_col_id%3Dcolumn-2%26p_p_col_count%3D1;3500.0;1750.0;50.00;2026-03-27 10:00
2026-03-23 11:31:55;CITROEN C3 1,4 KAT;Wolna ręka;Radomsko;117;https://www.gov.pl/web/ias-lodz/zawiadomienie-o-sprzedazy-ruchomosci-z-wolnej-reki-w-terminie-24032026-r-citroen-c3-rok-prod-2002;3000;1000;33.33;2026-03-24 10:30
2026-03-23 11:32:32;OPEL AGILA;Licytacja;Łódź;193;https://www.gov.pl/web/ias-lodz/obwieszczenie-o-drugiej-licytacji-ruchomosci-14042026-r-opel-agila-rok-prod-2009;5460.0;2730.0;50.00;2026-04-14 11:00
2026-03-23 11:32:43;Fiat Doblo;Wolna ręka;Łódź;193;https://www.gov.pl/web/ias-lodz/zawiadomienie-o-sprzedazy-ruchomosci-z-wolnej-reki-w-terminie-24032026-r---7042026-r-fiat-doblo-rok-prod-2008;2000.0;700.0;35.00;2026-03-24 11:30
2026-03-23 11:36:48;Renault Megane Scenic;Licytacja;Augustów;469;https://www.gov.pl/web/ias-bialystok/renault-megane-scenic-2005-r---druga-licytacja;3000.0;1500.0;50.00;2026-03-24 09:30
2026-03-23 11:37:09;Volkswagen Passat;Licytacja;Augustów;469;https://www.gov.pl/web/ias-bialystok/volkswagen-passat-2008-r---druga-licytacja;10000.0;5000.0;50.00;2026-03-24 09:30
2026-03-23 11:37:19;Seat Altea;Licytacja;Augustów;469;https://www.gov.pl/web/ias-bialystok/seat-altea-2010-r---druga-licytacja;12500.0;6250.0;50.00;2026-03-24 09:30
2026-03-23 11:38:02;FORD FIESTA 1.6 TDCI;Licytacja;Bierzglinek;299;https://www.wielkopolskie.kas.gov.pl/izba-administracji-skarbowej-w-poznaniu/ogloszenia/obwieszczenia-o-licytacjach/-/asset_publisher/5TaH/content/druga-licytacja-ruchomosci-samochod-ford-fiesta-30-marca-2026-r-godz-10-00?redirect=https%3A%2F%2Fwww.wielkopolskie.kas.gov.pl%2Fizba-administracji-skarbowej-w-poznaniu%2Fogloszenia%2Fobwieszczenia-o-licytacjach%3Fp_p_id%3D101_INSTANCE_5TaH%26p_p_lifecycle%3D0%26p_p_state%3Dnormal%26p_p_mode%3Dview%26p_p_col_id%3Dcolumn-2%26p_p_col_count%3D1%26_101_INSTANCE_5TaH_advancedSearch%3Dfalse%26_101_INSTANCE_5TaH_keywords%3D%26_101_INSTANCE_5TaH_delta%3D20%26_101_INSTANCE_5TaH_cur%3D2%26_101_INSTANCE_5TaH_andOperator%3Dtrue;12000;6000;50.00;2026-03-30 10:00
2026-03-23 11:38:19;Ford Fokus;Licytacja;Nysa;191;https://www.opolskie.kas.gov.pl/izba-administracji-skarbowej-w-opolu/ogloszenia/obwieszczenia-o-licytacjach/-/asset_publisher/Y5Dq/content/obwieszczenie-urzedu-skarbowego-w-nysie-o-drugiej-licytacji-ruchomosci-samochod-os-ford-focus-termin-26-marca-2026-r-godz-11-00?redirect=https%3A%2F%2Fwww.opolskie.kas.gov.pl%2Fizba-administracji-skarbowej-w-opolu%2Fogloszenia%2Fobwieszczenia-o-licytacjach%3Fp_p_id%3D101_INSTANCE_Y5Dq%26p_p_lifecycle%3D0%26p_p_state%3Dnormal%26p_p_mode%3Dview%26p_p_col_id%3Dcolumn-2%26p_p_col_count%3D1;1000;500;50.00;2026-03-26 11:00
2026-03-23 11:38:47;Honda Civic;Licytacja;Piaseczno;236;https://www.mazowieckie.kas.gov.pl/izba-administracji-skarbowej-w-warszawie/ogloszenia/obwieszczenia-o-licytacjach/-/asset_publisher/Uvm3/content/obwieszczenie-o-drugiej-licytacji-ruchomosci-samochod-osobowy-honda-civic-rok-pord-2007-termin-27-marca-2026-rok-godz-10-30?redirect=https%3A%2F%2Fwww.mazowieckie.kas.gov.pl%2Fizba-administracji-skarbowej-w-warszawie%2Fogloszenia%2Fobwieszczenia-o-licytacjach%3Fp_p_id%3D101_INSTANCE_Uvm3%26p_p_lifecycle%3D0%26p_p_state%3Dnormal%26p_p_mode%3Dview%26p_p_col_id%3Dcolumn-2%26p_p_col_count%3D1%26_101_INSTANCE_Uvm3_advancedSearch%3Dfalse%26_101_INSTANCE_Uvm3_keywords%3D%26_101_INSTANCE_Uvm3_delta%3D20%26_101_INSTANCE_Uvm3_cur%3D3%26_101_INSTANCE_Uvm3_andOperator%3Dtrue;6000.0;3000.0;50.00;2026-03-27 10:30
2026-03-23 11:39:31;Volkswagen Golf kombi;Licytacja;Wołomin;270;https://www.mazowieckie.kas.gov.pl/izba-administracji-skarbowej-w-warszawie/ogloszenia/obwieszczenia-o-licytacjach/-/asset_publisher/Uvm3/content/obwieszczenie-o-drugiej-licytacji-ruchomosci-samochod-osobowy-volkswagen-golf-rok-prod-2009-termin-24-marca-2026-roku-godz-11-30?redirect=https%3A%2F%2Fwww.mazowieckie.kas.gov.pl%2Fizba-administracji-skarbowej-w-warszawie%2Fogloszenia%2Fobwieszczenia-o-licytacjach%3Fp_p_id%3D101_INSTANCE_Uvm3%26p_p_lifecycle%3D0%26p_p_state%3Dnormal%26p_p_mode%3Dview%26p_p_col_id%3Dcolumn-2%26p_p_col_count%3D1%26_101_INSTANCE_Uvm3_advancedSearch%3Dfalse%26_101_INSTANCE_Uvm3_keywords%3D%26_101_INSTANCE_Uvm3_delta%3D20%26_101_INSTANCE_Uvm3_cur%3D3%26_101_INSTANCE_Uvm3_andOperator%3Dtrue;8000.0;4000.0;50.00;2026-03-24 11:30
2026-03-23 11:39:46;Skoda Octavia, 1.6 + LPG;Licytacja;Lublin;225;https://www.lubelskie.kas.gov.pl/izba-administracji-skarbowej-w-lublinie/ogloszenia/obwieszczenia-o-licytacjach/-/asset_publisher/rkN6/content/obwieszczenie-naczelnika-pierwszego-urzedu-skarbowego-w-lublinie-o-drugiej-licytacji-ruchomosci-26-marca-2026-r-skoda-octavia-1-6-lpg-75kw?redirect=https%3A%2F%2Fwww.lubelskie.kas.gov.pl%2Fizba-administracji-skarbowej-w-lublinie%2Fogloszenia%2Fobwieszczenia-o-licytacjach%3Fp_p_id%3D101_INSTANCE_rkN6%26p_p_lifecycle%3D0%26p_p_state%3Dnormal%26p_p_mode%3Dview%26p_p_col_id%3Dcolumn-2%26p_p_col_count%3D1;16000;8000;50.00;2026-03-26 11:00
2026-03-23 11:40:03;RENAULT LAGUNA GRANDTOUR 1.9 DCI;Licytacja;Lubartów;244;https://www.lubelskie.kas.gov.pl/izba-administracji-skarbowej-w-lublinie/ogloszenia/obwieszczenia-o-licytacjach/-/asset_publisher/rkN6/content/obwieszczenie-naczelnika-urzedu-skarbowego-w-lubartowie-o-drugiej-licytacji-ruchomosci-26-marca-2026-r-samochod-osobowy-renault-laguna?redirect=https%3A%2F%2Fwww.lubelskie.kas.gov.pl%2Fizba-administracji-skarbowej-w-lublinie%2Fogloszenia%2Fobwieszczenia-o-licytacjach%3Fp_p_id%3D101_INSTANCE_rkN6%26p_p_lifecycle%3D0%26p_p_state%3Dnormal%26p_p_mode%3Dview%26p_p_col_id%3Dcolumn-2%26p_p_col_count%3D1;3400.0;1700.0;50.00;2026-03-26 10:00
2026-03-23 11:40:18;Toyota Yaris;Licytacja;Wołomin;270;https://www.mazowieckie.kas.gov.pl/izba-administracji-skarbowej-w-warszawie/ogloszenia/obwieszczenia-o-licytacjach/-/asset_publisher/Uvm3/content/obwieszczenie-o-drugiej-licytacji-ruchomosci-samochod-osobowy-toyota-yaris-rok-prod-2012-termin-24-marca-2026-roku-godz-12-30?redirect=https%3A%2F%2Fwww.mazowieckie.kas.gov.pl%2Fizba-administracji-skarbowej-w-warszawie%2Fogloszenia%2Fobwieszczenia-o-licytacjach%3Fp_p_id%3D101_INSTANCE_Uvm3%26p_p_lifecycle%3D0%26p_p_state%3Dnormal%26p_p_mode%3Dview%26p_p_col_id%3Dcolumn-2%26p_p_col_count%3D1%26_101_INSTANCE_Uvm3_advancedSearch%3Dfalse%26_101_INSTANCE_Uvm3_keywords%3D%26_101_INSTANCE_Uvm3_delta%3D20%26_101_INSTANCE_Uvm3_cur%3D3%26_101_INSTANCE_Uvm3_andOperator%3Dtrue;18000.0;9000.0;50.00;2026-03-24 12:30
2026-03-23 11:40:40;VOLVO S40;Licytacja;Gdańsk;485;https://www.pomorskie.kas.gov.pl/izba-administracji-skarbowej-w-gdansku/ogloszenia/obwieszczenia-o-licytacjach/-/asset_publisher/Ozp4/content/obwieszczenie-o-drugiej-licytacji-ruchomosci-samochod-osobowy-volvo-s40-rok-produkcji-2007-termin-20-marca-2026-roku-pierwszy-urzad-skarbowy-w-gdansku?redirect=https%3A%2F%2Fwww.pomorskie.kas.gov.pl%2Fizba-administracji-skarbowej-w-gdansku%2Fogloszenia%2Fobwieszczenia-o-licytacjach%3Fp_p_id%3D101_INSTANCE_Ozp4%26p_p_lifecycle%3D0%26p_p_state%3Dnormal%26p_p_mode%3Dview%26p_p_col_id%3Dcolumn-2%26p_p_col_count%3D1;12000.0;6000.0;50.00;2026-03-20 12:00
2026-03-23 11:42:39;Volkswagen Passat;Licytacja;Kraków;5;https://www.malopolskie.kas.gov.pl/izba-administracji-skarbowej-w-krakowie/ogloszenia/obwieszczenia-o-licytacjach/-/asset_publisher/4FbB/content/obwieszczenie-o-ii-licytacji-samochodu-volkswagen-passat-23-03-2026-r-o-godz-10-00-w-krakowie?redirect=https%3A%2F%2Fwww.malopolskie.kas.gov.pl%2Fizba-administracji-skarbowej-w-krakowie%2Fogloszenia%2Fobwieszczenia-o-licytacjach%3Fp_p_id%3D101_INSTANCE_4FbB%26p_p_lifecycle%3D0%26p_p_state%3Dnormal%26p_p_mode%3Dview%26p_p_col_id%3Dcolumn-2%26p_p_col_count%3D1;7000;3500;50.00;2026-03-23 10:00
2026-03-23 11:42:56;AUDI A4 Avant Quattro 3.0 TDi;Licytacja;Płock;276;https://www.mazowieckie.kas.gov.pl/izba-administracji-skarbowej-w-warszawie/ogloszenia/obwieszczenia-o-licytacjach/-/asset_publisher/Uvm3/content/obwieszczenie-o-drugiej-licytacji-ruchomosci-samochod-osobowy-audi-a4-rok-prod-2009-termin-25-marca-2026-roku-godz-11-00?redirect=https%3A%2F%2Fwww.mazowieckie.kas.gov.pl%2Fizba-administracji-skarbowej-w-warszawie%2Fogloszenia%2Fobwieszczenia-o-licytacjach%3Fp_p_id%3D101_INSTANCE_Uvm3%26p_p_lifecycle%3D0%26p_p_state%3Dnormal%26p_p_mode%3Dview%26p_p_col_id%3Dcolumn-2%26p_p_col_count%3D1%26_101_INSTANCE_Uvm3_advancedSearch%3Dfalse%26_101_INSTANCE_Uvm3_keywords%3D%26_101_INSTANCE_Uvm3_delta%3D20%26_101_INSTANCE_Uvm3_cur%3D3%26_101_INSTANCE_Uvm3_andOperator%3Dtrue;29100.0;14550.0;50.00;2026-03-25 11:00
2026-03-23 11:43:11;Volkswagen Passat;Wolna ręka;Nowy Dwór Mazowiecki;269;https://www.mazowieckie.kas.gov.pl/izba-administracji-skarbowej-w-warszawie/ogloszenia/obwieszczenia-o-licytacjach/-/asset_publisher/Uvm3/content/zawiadomienie-o-sprzedazy-ruchomosci-z-wolnej-reki-samochod-osobowy-volkswagen-passat-termin-od-24-03-2026-r-do-24-03-2026-r-w-godzinach-9-00-11-00?redirect=https%3A%2F%2Fwww.mazowieckie.kas.gov.pl%2Fizba-administracji-skarbowej-w-warszawie%2Fogloszenia%2Fobwieszczenia-o-licytacjach%3Fp_p_id%3D101_INSTANCE_Uvm3%26p_p_lifecycle%3D0%26p_p_state%3Dnormal%26p_p_mode%3Dview%26p_p_col_id%3Dcolumn-2%26p_p_col_count%3D1%26_101_INSTANCE_Uvm3_advancedSearch%3Dfalse%26_101_INSTANCE_Uvm3_keywords%3D%26_101_INSTANCE_Uvm3_delta%3D20%26_101_INSTANCE_Uvm3_cur%3D3%26_101_INSTANCE_Uvm3_andOperator%3Dtrue;1200;400;33.33;2026-03-24 09:00
2026-03-23 11:43:27;Chevrolet Aveo;Licytacja;Kraków;5;https://www.malopolskie.kas.gov.pl/izba-administracji-skarbowej-w-krakowie/ogloszenia/obwieszczenia-o-licytacjach/-/asset_publisher/4FbB/content/obwieszczenie-o-ii-licytacji-samochodu-chevrolet-aveo-23-03-2026-r-o-godz-13-00-w-krakowie?redirect=https%3A%2F%2Fwww.malopolskie.kas.gov.pl%2Fizba-administracji-skarbowej-w-krakowie%2Fogloszenia%2Fobwieszczenia-o-licytacjach%3Fp_p_id%3D101_INSTANCE_4FbB%26p_p_lifecycle%3D0%26p_p_state%3Dnormal%26p_p_mode%3Dview%26p_p_col_id%3Dcolumn-2%26p_p_col_count%3D1;10000;5000;50.00;2026-03-23 13:00
2026-03-23 11:44:01;Skuter Junak 607 EU5;Licytacja;Ostrów Mazowiecka;333;https://www.mazowieckie.kas.gov.pl/izba-administracji-skarbowej-w-warszawie/ogloszenia/obwieszczenia-o-licytacjach/-/asset_publisher/Uvm3/content/obwieszczenie-o-drugiej-licytacji-ruchomosci-skuter-junak-rok-prod-2021-termin-24-marca-2026-roku-godz-10-00?redirect=https%3A%2F%2Fwww.mazowieckie.kas.gov.pl%2Fizba-administracji-skarbowej-w-warszawie%2Fogloszenia%2Fobwieszczenia-o-licytacjach%3Fp_p_id%3D101_INSTANCE_Uvm3%26p_p_lifecycle%3D0%26p_p_state%3Dnormal%26p_p_mode%3Dview%26p_p_col_id%3Dcolumn-2%26p_p_col_count%3D1%26_101_INSTANCE_Uvm3_advancedSearch%3Dfalse%26_101_INSTANCE_Uvm3_keywords%3D%26_101_INSTANCE_Uvm3_delta%3D20%26_101_INSTANCE_Uvm3_cur%3D3%26_101_INSTANCE_Uvm3_andOperator%3Dtrue;3700.0;1850.0;50.00;2026-03-24 10:00
2026-03-23 11:44:14;Opel Zafira;Licytacja;Zielona Góra;374;https://www.lubuskie.kas.gov.pl/izba-administracji-skarbowej-w-zielonej-gorze/ogloszenia/obwieszczenia-o-licytacjach/-/asset_publisher/4lkF/content/druga-licytacja-ruchomosci-samochodu-osobowego-opel-zafira?redirect=https%3A%2F%2Fwww.lubuskie.kas.gov.pl%2Fizba-administracji-skarbowej-w-zielonej-gorze%2Fogloszenia%2Fobwieszczenia-o-licytacjach%3Fp_p_id%3D101_INSTANCE_4lkF%26p_p_lifecycle%3D0%26p_p_state%3Dnormal%26p_p_mode%3Dview%26p_p_col_id%3Dcolumn-2%26p_p_col_count%3D1;6800.0;3400.0;50.00;2026-03-23 11:45
2026-03-23 11:44:24;Audi TT;Licytacja;Elbląg;461;https://www.warminsko-mazurskie.kas.gov.pl/izba-administracji-skarbowej-w-olsztynie/ogloszenia/obwieszczenia-o-licytacjach/-/asset_publisher/4jLy/content/ii-licytacja-ruchomosci-samochod-osobowy-marki-audi-tt-24-marca-2026-r?redirect=https%3A%2F%2Fwww.warminsko-mazurskie.kas.gov.pl%2Fizba-administracji-skarbowej-w-olsztynie%2Fogloszenia%2Fobwieszczenia-o-licytacjach%3Fp_p_id%3D101_INSTANCE_4jLy%26p_p_lifecycle%3D0%26p_p_state%3Dnormal%26p_p_mode%3Dview%26p_p_col_id%3Dcolumn-2%26p_p_col_count%3D1;9000;4500;50.00;2026-03-24 11:00
2026-03-23 11:44:49;Opel Zafira Tourer;Licytacja;Olsztyn;415;https://www.warminsko-mazurskie.kas.gov.pl/izba-administracji-skarbowej-w-olsztynie/ogloszenia/obwieszczenia-o-licytacjach/-/asset_publisher/4jLy/content/ii-licytacja-ruchomosci-50-udzialu-w-samochodzie-osobowym-wielozadaniowym-opel-zafira-26-marca-2026-r?redirect=https%3A%2F%2Fwww.warminsko-mazurskie.kas.gov.pl%2Fizba-administracji-skarbowej-w-olsztynie%2Fogloszenia%2Fobwieszczenia-o-licytacjach%3Fp_p_id%3D101_INSTANCE_4jLy%26p_p_lifecycle%3D0%26p_p_state%3Dnormal%26p_p_mode%3Dview%26p_p_col_id%3Dcolumn-2%26p_p_col_count%3D1;17500.0;8750.0;50.00;2026-03-26 10:15
2026-03-23 11:45:37;Opel Zafira Tourer;Licytacja;Olsztyn;415;https://www.warminsko-mazurskie.kas.gov.pl/izba-administracji-skarbowej-w-olsztynie/ogloszenia/obwieszczenia-o-licytacjach/-/asset_publisher/4jLy/content/ii-licytacja-ruchomosci-udzial-50-w-samochodzie-osobowym-wielozadaniowym-opel-zafira-26-marca-2026-r?redirect=https%3A%2F%2Fwww.warminsko-mazurskie.kas.gov.pl%2Fizba-administracji-skarbowej-w-olsztynie%2Fogloszenia%2Fobwieszczenia-o-licytacjach%3Fp_p_id%3D101_INSTANCE_4jLy%26p_p_lifecycle%3D0%26p_p_state%3Dnormal%26p_p_mode%3Dview%26p_p_col_id%3Dcolumn-2%26p_p_col_count%3D1;17500.0;8750.0;50.00;2026-03-26 10:00
2026-03-23 11:46:04;Opel Astra;Wolna ręka;Tomaszów Mazowiecki;164;https://www.gov.pl/web/ias-lodz/zawiadomienie-o-sprzedazy-ruchomosci-z-wolnej-reki-w-terminie-24032026-r---30032026-r-opel-astra-rok-prod-1997;2300.0;400.0;17.39;2026-03-24 10:30
2026-03-23 11:47:11;IVECO AS440T/FP-LT;Licytacja;Ostrołęka;354;https://www.mazowieckie.kas.gov.pl/izba-administracji-skarbowej-w-warszawie/ogloszenia/obwieszczenia-o-licytacjach/-/asset_publisher/Uvm3/content/obwieszczenie-o-drugiej-licytacji-ruchomosci-ciagnik-samochodowy-iveco-as440t-fp-lt-rok-prod-2013-termin-25-marca-2026-rok-godz-10-00?redirect=https%3A%2F%2Fwww.mazowieckie.kas.gov.pl%2Fizba-administracji-skarbowej-w-warszawie%2Fogloszenia%2Fobwieszczenia-o-licytacjach%3Fp_p_id%3D101_INSTANCE_Uvm3%26p_p_lifecycle%3D0%26p_p_state%3Dnormal%26p_p_mode%3Dview%26p_p_col_id%3Dcolumn-2%26p_p_col_count%3D1%26_101_INSTANCE_Uvm3_advancedSearch%3Dfalse%26_101_INSTANCE_Uvm3_keywords%3D%26_101_INSTANCE_Uvm3_delta%3D20%26_101_INSTANCE_Uvm3_cur%3D4%26_101_INSTANCE_Uvm3_andOperator%3Dtrue;35000;17500;50.00;2026-03-25 10:00
2026-03-23 11:47:39;IVECO 150E21;Licytacja;Wrocław;240;https://www.gov.pl/web/ias-wroclaw/iveco;22000;11000;50.00;2026-03-23 10:00
2026-03-23 11:48:06;Volkswagen Golf kombi;Licytacja;Rzepin;436;https://www.lubuskie.kas.gov.pl/izba-administracji-skarbowej-w-zielonej-gorze/ogloszenia/obwieszczenia-o-licytacjach/-/asset_publisher/4lkF/content/druga-licytacja-ruchomosci-samochodu-osobowego-volkswagen-golf?redirect=https%3A%2F%2Fwww.lubuskie.kas.gov.pl%2Fizba-administracji-skarbowej-w-zielonej-gorze%2Fogloszenia%2Fobwieszczenia-o-licytacjach%3Fp_p_id%3D101_INSTANCE_4lkF%26p_p_lifecycle%3D0%26p_p_state%3Dnormal%26p_p_mode%3Dview%26p_p_col_id%3Dcolumn-2%26p_p_col_count%3D1;2400.0;1200.0;50.00;2026-03-24 11:00
2026-03-23 11:48:19;RENAULT MEGANE SCENIC 1.6 KAT;Wolna ręka;Wągrowiec;359;https://www.wielkopolskie.kas.gov.pl/izba-administracji-skarbowej-w-poznaniu/ogloszenia/obwieszczenia-o-licytacjach/-/asset_publisher/5TaH/content/sprzedaz-z-wolnej-reki-ruchomosci-samochod-renault-megane-30-marca-2026-r-w-godz-od-11-00-do-13-00?redirect=https%3A%2F%2Fwww.wielkopolskie.kas.gov.pl%2Fizba-administracji-skarbowej-w-poznaniu%2Fogloszenia%2Fobwieszczenia-o-licytacjach%3Fp_p_id%3D101_INSTANCE_5TaH%26p_p_lifecycle%3D0%26p_p_state%3Dnormal%26p_p_mode%3Dview%26p_p_col_id%3Dcolumn-2%26p_p_col_count%3D1%26_101_INSTANCE_5TaH_advancedSearch%3Dfalse%26_101_INSTANCE_5TaH_keywords%3D%26_101_INSTANCE_5TaH_delta%3D20%26_101_INSTANCE_5TaH_cur%3D2%26_101_INSTANCE_5TaH_andOperator%3Dtrue;7300;1950;26.71;2026-03-30 11:00
2026-03-23 11:48:36;Skoda Fabia Combi;Wolna ręka;Toruń;341;https://www.kujawsko-pomorskie.kas.gov.pl/izba-administracji-skarbowej-w-bydgoszczy/ogloszenia/obwieszczenia-o-licytacjach/-/asset_publisher/Sg9I/content/zawiadomienie-o-sprzedazy-z-wolnej-reki-samochodu-osobowego-marki-skoda-fabia-combi-od-27-03-2026-roku-do-10-04-2026-roku-w-godz-8-12?redirect=https%3A%2F%2Fwww.kujawsko-pomorskie.kas.gov.pl%2Fizba-administracji-skarbowej-w-bydgoszczy%2Fogloszenia%2Fobwieszczenia-o-licytacjach%3Fp_p_id%3D101_INSTANCE_Sg9I%26p_p_lifecycle%3D0%26p_p_state%3Dnormal%26p_p_mode%3Dview%26p_p_col_id%3Dcolumn-2%26p_p_col_count%3D1;4000.0;1500.0;37.50;2026-03-27 08:00
2026-03-23 11:49:31;Citroen C4 Picasso;Licytacja;Nowy Targ;65;https://www.malopolskie.kas.gov.pl/izba-administracji-skarbowej-w-krakowie/ogloszenia/obwieszczenia-o-licytacjach/-/asset_publisher/4FbB/content/obwieszczenie-o-ii-licytacji-samochodu-citroen-c4-picasso-27-03-2026r-o-godz-12-15-w-nowym-targu?redirect=https%3A%2F%2Fwww.malopolskie.kas.gov.pl%2Fizba-administracji-skarbowej-w-krakowie%2Fogloszenia%2Fobwieszczenia-o-licytacjach%3Fp_p_id%3D101_INSTANCE_4FbB%26p_p_lifecycle%3D0%26p_p_state%3Dnormal%26p_p_mode%3Dview%26p_p_col_id%3Dcolumn-2%26p_p_col_count%3D1;5000;2500;50.00;2026-03-27 12:15
2026-03-23 11:49:48;Volkswagen Passat 1.9 TDI;Wolna ręka;Rybczewice;232;https://www.lubelskie.kas.gov.pl/izba-administracji-skarbowej-w-lublinie/ogloszenia/obwieszczenia-o-licytacjach/-/asset_publisher/rkN6/content/zawiadomienie-naczelnika-pierwszego-urzedu-skarbowego-w-lublinie-o-sprzedazy-ruchomosci-z-wolnej-reki-do-25-marca-2026-r-volkswagen-passat-1-9-tdi?redirect=https%3A%2F%2Fwww.lubelskie.kas.gov.pl%2Fizba-administracji-skarbowej-w-lublinie%2Fogloszenia%2Fobwieszczenia-o-licytacjach%3Fp_p_id%3D101_INSTANCE_rkN6%26p_p_lifecycle%3D0%26p_p_state%3Dnormal%26p_p_mode%3Dview%26p_p_col_id%3Dcolumn-2%26p_p_col_count%3D1;2000;500;25.00;2026-03-25 08:00
2026-03-23 11:50:02;VOLKSWAGEN POLO 1.2;Wolna ręka;Płock;276;https://www.mazowieckie.kas.gov.pl/izba-administracji-skarbowej-w-warszawie/ogloszenia/obwieszczenia-o-licytacjach/-/asset_publisher/Uvm3/content/zawiadomienie-o-sprzedazy-ruchomosci-z-wolnej-reki-samochod-osobowy-volkswagen-polo-rok-prod-2003-termin-od-23-do-27-marca-2026-roku-od-godz-9-00-do-godz-13-00?redirect=https%3A%2F%2Fwww.mazowieckie.kas.gov.pl%2Fizba-administracji-skarbowej-w-warszawie%2Fogloszenia%2Fobwieszczenia-o-licytacjach%3Fp_p_id%3D101_INSTANCE_Uvm3%26p_p_lifecycle%3D0%26p_p_state%3Dnormal%26p_p_mode%3Dview%26p_p_col_id%3Dcolumn-2%26p_p_col_count%3D1%26_101_INSTANCE_Uvm3_advancedSearch%3Dfalse%26_101_INSTANCE_Uvm3_keywords%3D%26_101_INSTANCE_Uvm3_delta%3D20%26_101_INSTANCE_Uvm3_cur%3D4%26_101_INSTANCE_Uvm3_andOperator%3Dtrue;3200.0;600.0;18.75;2026-03-23 09:00
2026-03-23 11:50:18;Audi A4;Licytacja;Lublin;225;https://www.lubelskie.kas.gov.pl/izba-administracji-skarbowej-w-lublinie/ogloszenia/obwieszczenia-o-licytacjach/-/asset_publisher/rkN6/content/obwieszczenie-naczelnika-pierwszego-urzedu-skarbowego-w-lublinie-o-drugiej-licytacji-ruchomosci-24-marca-2026-r-audi-a4?redirect=https%3A%2F%2Fwww.lubelskie.kas.gov.pl%2Fizba-administracji-skarbowej-w-lublinie%2Fogloszenia%2Fobwieszczenia-o-licytacjach%3Fp_p_id%3D101_INSTANCE_rkN6%26p_p_lifecycle%3D0%26p_p_state%3Dnormal%26p_p_mode%3Dview%26p_p_col_id%3Dcolumn-2%26p_p_col_count%3D1;2000;1000;50.00;2026-03-24 11:00
2026-03-23 11:50:41;Renault Clio Societe Authentique;Licytacja;Płock;276;https://www.mazowieckie.kas.gov.pl/izba-administracji-skarbowej-w-warszawie/ogloszenia/obwieszczenia-o-licytacjach/-/asset_publisher/Uvm3/content/obwieszczenie-o-drugiej-licytacji-ruchomosci-samochod-osobowy-renault-clio-rok-prod-2008-termin-23-marca-2026-roku-godz-11-00?redirect=https%3A%2F%2Fwww.mazowieckie.kas.gov.pl%2Fizba-administracji-skarbowej-w-warszawie%2Fogloszenia%2Fobwieszczenia-o-licytacjach%3Fp_p_id%3D101_INSTANCE_Uvm3%26p_p_lifecycle%3D0%26p_p_state%3Dnormal%26p_p_mode%3Dview%26p_p_col_id%3Dcolumn-2%26p_p_col_count%3D1%26_101_INSTANCE_Uvm3_advancedSearch%3Dfalse%26_101_INSTANCE_Uvm3_keywords%3D%26_101_INSTANCE_Uvm3_delta%3D20%26_101_INSTANCE_Uvm3_cur%3D4%26_101_INSTANCE_Uvm3_andOperator%3Dtrue;2500.0;1250.0;50.00;2026-03-23 11:00
2026-03-23 11:50:55;Motorower Honda PAL 50 cm³;Wolna ręka;Chełm;276;https://www.lubelskie.kas.gov.pl/izba-administracji-skarbowej-w-lublinie/ogloszenia/obwieszczenia-o-licytacjach/-/asset_publisher/rkN6/content/zawiadomienie-naczelnika-urzedu-skarbowego-w-chelmie-o-sprzedazy-z-wolnej-reki-ruchomosci-od-20-do-27-marca-2026-r-motorower-honda-pal-50-cm%C2%B3?redirect=https%3A%2F%2Fwww.lubelskie.kas.gov.pl%2Fizba-administracji-skarbowej-w-lublinie%2Fogloszenia%2Fobwieszczenia-o-licytacjach%3Fp_p_id%3D101_INSTANCE_rkN6%26p_p_lifecycle%3D0%26p_p_state%3Dnormal%26p_p_mode%3Dview%26p_p_col_id%3Dcolumn-2%26p_p_col_count%3D1;150.0;50.0;33.33;2026-03-20 09:00
2026-03-23 11:51:12;VOLKSWAGEN GOLF 1.4;Licytacja;Płock;276;https://www.mazowieckie.kas.gov.pl/izba-administracji-skarbowej-w-warszawie/ogloszenia/obwieszczenia-o-licytacjach/-/asset_publisher/Uvm3/content/obwieszczenie-o-drugiej-licytacji-ruchomosci-samochod-osobowy-volkswagen-golf-rok-prod-1997-termin-23-marca-2026-roku-godz-10-00?redirect=https%3A%2F%2Fwww.mazowieckie.kas.gov.pl%2Fizba-administracji-skarbowej-w-warszawie%2Fogloszenia%2Fobwieszczenia-o-licytacjach%3Fp_p_id%3D101_INSTANCE_Uvm3%26p_p_lifecycle%3D0%26p_p_state%3Dnormal%26p_p_mode%3Dview%26p_p_col_id%3Dcolumn-2%26p_p_col_count%3D1%26_101_INSTANCE_Uvm3_advancedSearch%3Dfalse%26_101_INSTANCE_Uvm3_keywords%3D%26_101_INSTANCE_Uvm3_delta%3D20%26_101_INSTANCE_Uvm3_cur%3D4%26_101_INSTANCE_Uvm3_andOperator%3Dtrue;1300.0;650.0;50.00;2026-03-23 10:00
2026-03-23 11:51:27;Skoda Fabia 1.9 TDI;Licytacja;Chełm;276;https://www.lubelskie.kas.gov.pl/izba-administracji-skarbowej-w-lublinie/ogloszenia/obwieszczenia-o-licytacjach/-/asset_publisher/rkN6/content/obwieszczenie-naczelnika-urzedu-skarbowego-w-chelmie-o-drugiej-licytacji-ruchomosci-23-marca-2026-r-samochod-osobowy-skoda-fabia-1-9-tdi?redirect=https%3A%2F%2Fwww.lubelskie.kas.gov.pl%2Fizba-administracji-skarbowej-w-lublinie%2Fogloszenia%2Fobwieszczenia-o-licytacjach%3Fp_p_id%3D101_INSTANCE_rkN6%26p_p_lifecycle%3D0%26p_p_state%3Dnormal%26p_p_mode%3Dview%26p_p_col_id%3Dcolumn-2%26p_p_col_count%3D1;1500;750;50.00;2026-03-23 10:00
2026-03-23 11:51:51;Fiat Seicento Hatchback 1999;Licytacja;Malbork;446;https://www.pomorskie.kas.gov.pl/izba-administracji-skarbowej-w-gdansku/ogloszenia/obwieszczenia-o-licytacjach/-/asset_publisher/Ozp4/content/obwieszczenie-o-drugiej-licytacji-ruchomosci-samochod-osobowy-fiat-seicento-hatchback-rok-prod-1999-oraz-samochod-osobowy-mercedes-benz-a-180-hatchback-rok-prod-2002-termin-23-marca-2026-roku-urzad-skarbowy-w-malborku?redirect=https%3A%2F%2Fwww.pomorskie.kas.gov.pl%2Fizba-administracji-skarbowej-w-gdansku%2Fogloszenia%2Fobwieszczenia-o-licytacjach%3Fp_p_id%3D101_INSTANCE_Ozp4%26p_p_lifecycle%3D0%26p_p_state%3Dnormal%26p_p_mode%3Dview%26p_p_col_id%3Dcolumn-2%26p_p_col_count%3D1;2600.0;1300.0;50.00;2026-03-23 10:00
2026-03-23 11:51:51;Mercedes-Benz A 180 Hatchback 2002;Licytacja;Malbork;446;https://www.pomorskie.kas.gov.pl/izba-administracji-skarbowej-w-gdansku/ogloszenia/obwieszczenia-o-licytacjach/-/asset_publisher/Ozp4/content/obwieszczenie-o-drugiej-licytacji-ruchomosci-samochod-osobowy-fiat-seicento-hatchback-rok-prod-1999-oraz-samochod-osobowy-mercedes-benz-a-180-hatchback-rok-prod-2002-termin-23-marca-2026-roku-urzad-skarbowy-w-malborku?redirect=https%3A%2F%2Fwww.pomorskie.kas.gov.pl%2Fizba-administracji-skarbowej-w-gdansku%2Fogloszenia%2Fobwieszczenia-o-licytacjach%3Fp_p_id%3D101_INSTANCE_Ozp4%26p_p_lifecycle%3D0%26p_p_state%3Dnormal%26p_p_mode%3Dview%26p_p_col_id%3Dcolumn-2%26p_p_col_count%3D1;5000.0;2500.0;50.00;2026-03-23 10:00
2026-03-23 11:52:13;Volkswagen Passat Kombi;Licytacja;Wieluń;161;https://www.gov.pl/web/ias-lodz/obwieszczenie-o-ii-licytacji-ruchomosci-25032026-r-volkswagen-passat-kombi-rok-prod-1997;2000.0;1000.0;50.00;2026-03-25 11:30
2026-03-23 11:52:24;MAZDA 3;Licytacja;Człuchów;438;https://www.pomorskie.kas.gov.pl/izba-administracji-skarbowej-w-gdansku/ogloszenia/obwieszczenia-o-licytacjach/-/asset_publisher/Ozp4/content/obwieszczenie-o-drugiej-licytacji-ruchomosci-mazda-3-termin-23-marca-2026-roku-urzad-skarbowy-w-czluchowie?redirect=https%3A%2F%2Fwww.pomorskie.kas.gov.pl%2Fizba-administracji-skarbowej-w-gdansku%2Fogloszenia%2Fobwieszczenia-o-licytacjach%3Fp_p_id%3D101_INSTANCE_Ozp4%26p_p_lifecycle%3D0%26p_p_state%3Dnormal%26p_p_mode%3Dview%26p_p_col_id%3Dcolumn-2%26p_p_col_count%3D1%26_101_INSTANCE_Ozp4_advancedSearch%3Dfalse%26_101_INSTANCE_Ozp4_keywords%3D%26_101_INSTANCE_Ozp4_delta%3D20%26_101_INSTANCE_Ozp4_cur%3D2%26_101_INSTANCE_Ozp4_andOperator%3Dtrue;6500;3250;50.00;2026-03-23 12:00
2026-03-23 11:52:35;Samochód ciężarowy Renault Master;Licytacja;Łódź;193;https://www.gov.pl/web/ias-lodz/obwieszczenie-o-drugiej-licytacji-ruchomosci-26032026-r-samochod-ciezarowy-renault-master-rok-prod-2021;110000;55000;50.00;2026-03-26 11:00
